{"cameraMode":{"drawMode":0,"name":"Shaded","section":"Shading Mode"},"sceneLighting":false,"audioPlay":false,"sceneViewState":{"showFog":true,"showMaterialUpdate":false,"showSkybox":false,"showFlares":true,"showImageEffects":true,"showParticleSystems":true},"in2DMode":false,"pivot":{"x":-46.505027770996097,"y":21.495121002197267,"z":-23.54865264892578},"rotation":{"x":-0.14742086827754975,"y":-0.7447826862335205,"z":0.17517626285552979,"w":-0.6268182396888733},"size":0.2553371489048004,"orthographic":false}