{"cameraMode":{"drawMode":0,"name":"Shaded","section":"Shading Mode"},"sceneLighting":false,"audioPlay":false,"sceneViewState":{"showFog":true,"showMaterialUpdate":false,"showSkybox":false,"showFlares":true,"showImageEffects":true,"showParticleSystems":true},"in2DMode":false,"pivot":{"x":-0.03690958023071289,"y":-2.9400744438171388,"z":0.13062596321105958},"rotation":{"x":-0.16887153685092927,"y":-0.7793841361999512,"z":0.23725919425487519,"w":-0.5547701120376587},"size":5.002043724060059,"orthographic":false}